Text,Emotion
I'm so cross I got a poor grade on the quiz,Anger
I'm so upset I couldn't do better on the exam,Anger
I'm so mad I didn't get the marks I was hoping for,Anger
I'm so furious I couldn't ace the test,Anger
I'm so irate I got a lower grade than I wanted,Anger
I'm so annoyed I couldn't get the highest marks,Anger
I'm so indignant about my exam results,Anger
I'm so aggravated I couldn't get a good grade,Anger
I'm so perturbed I didn't do well on the paper,Anger
I'm so cross I didn't get the grade I wanted,Anger
I'm so upset I got a bad score on the quiz,Anger
I'm so mad I failed the test.,Anger
I'm so furious I couldn't get the grade I was expecting,Anger
I'm so irate I didn't do well on the paper,Anger
I'm so annoyed I didn't get the marks I was aiming for,Anger
I'm so indignant about my grade on the exam,Anger
I'm so aggravated I couldn't get the grade I was hoping for,Anger
I'm so perturbed I got a lower score than anticipated,Anger
I'm so cross I couldn't pass the quiz,Anger
I'm so enraged I couldn't do better on the test,Anger
I'm so enraged I didn't do better on the test,Anger
I'm so upset I didn't get the marks I was expecting,Anger
I'm so boiling mad I got a lower grade than I wanted,Anger
I'm so resentful I couldn't get the grade I was aiming for,Anger
I'm so mad I couldn't pass the quiz,Anger
I'm so angry I got a bad grade on the paper,Anger
I'm so livid I couldn't get a good mark,Anger
I'm so frustrated I couldn't get the grade I was hoping for,Anger
I'm so irritated I got a lower score than I was expecting,Anger
I'm so incensed I didn't do well on the exam,Anger
I'm so vexed I couldn't get the highest marks,Anger
I'm so infuriated I got a lower grade than anticipated,Anger
I'm so displeased I didn't get the grade I wanted,Anger
I'm so mad I couldn't get a good score,Anger
I'm so furious my grade was lower than expected,Anger
I'm so irate I didn't do well on the test,Anger
I'm so annoyed I didn't get the results I wanted,Anger
I'm so indignant about my grade on the paper,Anger
I'm so aggravated I didn't get the marks I was aiming for,Anger
I'm so perturbed I got a lower score than I was expecting,Anger
I'm so mad I didn't pass the test,Anger
I'm so angry I failed my midterms,Anger
I'm so livid I got a poor grade on my assignment,Anger
I'm so frustrated with my exam results,Anger
I'm so irritated I didn't get a good grade,Anger
I'm so incensed I couldn't ace the quiz,Anger
I'm so vexed I didn't do well on the test,Anger
I'm so infuriated my grade was lower than expected,Anger
I'm so displeased I got a bad grade,Anger
I'm so mad I failed the exam,Anger
I'm so furious I couldn't get the highest score,Anger
I'm so irate I couldn't do better,Anger
I'm so annoyed I didn't get the marks I wanted,Anger
I'm so indignant about my exam results,Anger
I'm so aggravated I couldn't do well on the paper,Anger
I'm so perturbed I didn't get the grade I wanted,Anger
I'm so cross my grade wasn't good,Anger
I'm so upset I didn't do well on the exam,Anger
I'm so mad I didn't get the grade I was hoping for,Anger
I'm so furious I got a lower score than expected,Anger
I'm so enraged I got a lower grade than I was expecting,anger
I'm so incensed that I didn't get the question right,anger
I'm so irritated I couldn't finish the exam in time,anger
I'm so infuriated I didn't get the score I wanted,anger
I'm so vexed I got an unexpected question on the exam,anger
I'm so indignant I didn't pass the exam,anger
I'm so cross about the difficult questions on the exam,anger
I'm so annoyed I didn't get enough time to prepare,anger
I'm so irked I got a lower grade than I wanted,anger
I'm so exasperated I didn't pass the exam,anger
I'm so provoked by the hard questions on the exam,anger
I'm so wrathful I didn't get a good grade,anger
I'm so enraged I didn't get an extra credit question,anger
I'm so mad I didn't get the grade I wanted.,Anger
I'm so furious I failed my midterms.,Anger
I'm so livid I got a poor grade on my assignment.,Anger
I'm so frustrated with my exam results.,Anger
I'm so irritated I didn't get a good grade.,Anger
I'm so incensed I couldn't ace the quiz.,Anger
I'm so vexed I didn't do well on the test.,Anger
I'm so infuriated my grade was lower than expected.,Anger
I'm so displeased I got a bad grade.,Anger
I'm so mad I failed the exam.,Anger
I'm so furious I couldn't get the highest score.,Anger
I'm so irate I couldn't do better.,Anger
I'm so annoyed I didn't get the marks I wanted.,Anger
I'm so indignant about my exam results.,Anger
I'm so aggravated I couldn't do well on the paper.,Anger
I'm so perturbed I didn't get the grade I wanted.,Anger
I'm so cross my grade wasn't good.,Anger
I'm so upset I didn't do well on the exam.,Anger
I'm so mad I didn't get the grade I was hoping for.,Anger
I'm so furious I got a lower score than expected.,Anger
amazed to get a perfect score,surprise
I couldn't believe I aced the test,surprise
The results of the exam really took me by surprise,surprise
I was stunned to see my grade on the exam,surprise
My jaw dropped when I saw my score on the exam,surprise
I was astonished to find I passed the exam,surprise
I couldn't believe I was so successful on the test,surprise
My eyes widened with shock when I saw my grade,surprise
I was overjoyed to find out I passed the exam,surprise
My heart leapt with joy when I saw my score,surprise
I was astonished to see I had done so well,surprise
I was taken aback to find I had passed the test,surprise
The results of the exam left me speechless,surprise
My eyes widened with amazement when I saw my grade,surprise
I was over the moon to find out I passed the exam,surprise
I couldn't believe how well I did on the test,surprise
The outcome of the exam was much better than I expected,surprise
My heart raced with excitement when I saw my score,surprise
I was taken aback to realize I had passed the exam,surprise
I was surprised to see my marks on the exam,surprise
I was dumbstruck to find I had aced the test,surprise
I couldn't believe I had done so well on the exam,surprise
I was amazed to get a perfect score on the test,surprise
My mouth dropped open when I saw my grade,surprise
I was elated to find out I had passed the exam,surprise
I was astonished to find I had done so well,surprise
My eyes widened with astonishment when I saw my score,surprise
I was overjoyed to see I had done so well,surprise
I was taken aback to see I had passed the test,surprise
The results of the exam left me in disbelief,surprise
My heart skipped a beat when I saw my grade,surprise
I was shocked to discover I had passed the exam,surprise
I couldn't believe how successful I was on the test,surprise
The outcome of the exam was much better than I anticipated,surprise
My heart raced with joy when I saw my score,surprise
I was taken aback to find out I had aced the exam,surprise
I was amazed to see my marks on the test,surprise
I was stunned to find I had done so well,surprise
I couldn't believe I had such a high score on the exam,surprise
I was over the moon to get a perfect score,surprise
My jaw dropped open when I saw my grade,surprise
I was elated to realize I had passed the test,surprise
I was astonished to find out I had done so well,surprise
My eyes widened with joy when I saw my score,surprise
I was taken aback to see I had done so well,surprise
The results of the exam left me in awe,surprise
My heart leapt with excitement when I saw my grade,surprise
I was shocked to discover I had aced the exam,surprise
I couldn't believe I had achieved such a high score on the test,surprise
The outcome of the exam was much higher than I expected,surprise
My heart raced with amazement when I saw my score,surprise
I was taken aback to find out I had passed the test,surprise
I was surprised to see my marks on the exam,surprise
I was dumbstruck to realize I had done so well,surprise
I couldn't believe I had done so well on the exam,surprise
I was overjoyed to get a perfect score on the test,surprise
My mouth dropped open when I saw my grade,surprise
I was elated to find out I had aced the exam,surprise
I aced the exam with flying colors,surprise
The scores I got were far beyond my expectations,surprise
I was overjoyed when I saw my exam results,surprise
My performance on the exam surpassed all my expectations,surprise
I was absolutely stunned by my exam results,surprise
I got higher marks than I thought I would,surprise
My results were significantly better than I expected,surprise
I was shocked to see how well I had done on the exam,surprise
I was pleasantly surprised when I saw my exam grade,surprise
My score on the exam was far above what I expected,surprise
My efforts were rewarded with an unexpected high grade,surprise
The outcome of the exam was better than I had hoped for,surprise
I was astonished at the grade I received on the exam,surprise
I was taken aback by the success I had on the exam,surprise
My performance on the exam was far better than anticipated,surprise
I was bowled over by the results of the exam,surprise
My exam results were much better than I had imagined,surprise
I was amazed by my exam results,surprise
My exam scores exceeded my expectations,surprise
I was pleasantly surprised by my grade,surprise
My results on the exam were far better than expected,surprise
I was delighted to see my exam scores,surprise
I received higher marks than I had anticipated,surprise
The grade I achieved on the exam was higher than expected,surprise
I was astounded by how well I had done on the exam,surprise
I was overwhelmed by my success on the exam,surprise
My score was much higher than I had predicted,surprise
The results of the exam came as a pleasant surprise,surprise
I was flabbergasted by the outcome of the exam,surprise
I was thrilled to see my marks on the exam,surprise
My exam scores were far better than I had anticipated,surprise
I was astonished at the success I had on the exam,surprise
I was amazed at the grade I got on the exam,surprise
I worked so hard for this exam yet I still failed,sad
I can't believe I didn't pass it feels like all my hard work was for nothing,sad
My grades aren't good enough for my parents I feel like a failure,sad
My friends all passed but I didn't I feel so embarrassed,sad
I don't know why I didn't do better I put so much effort into it,sad
I can't believe I'm not graduating on time because of this exam,sad
No matter how hard I tried I couldn't get the results I wanted,sad
My dreams of going to college are now slipping away,sad
I was so sure I'd pass but it wasn't meant to be,sad
I guess my hard work wasn't enough to get me through this exam,sad
It's like all my studying was for nothing I'm so disappointed,sad
I just don't understand why I didn't do better it's so frustrating,sad
I feel like I let everyone down including myself,sad
My dream of going to a good college is fading away,sad
I was so sure I was going to ace this exam but I didn't,sad
It feels like all my effort was wasted on this exam,sad
I can't believe I failed I was so sure I'd get a good grade,sad
I feel like a complete failure I can't believe I didn't pass,sad
I'm so disappointed in myself for not doing better on this exam,sad
No matter how hard I tried I couldn't get the results I wanted,sad
My confidence is shattered after failing this exam,sad
My friends all did better than me I feel so embarrassed,sad
I can't believe I didn't get the grade I was expecting,sad
I'm so disappointed that I couldn't even pass this exam,sad
It feels like all my hard work was for nothing I'm crushed,sad
I'm so ashamed that I couldn't do better on this exam,sad
It's like my studying was in vain I failed this exam,sad
I feel like I've let everyone down including myself,sad
My dream of going to a good college is slipping away,sad
I can't believe I failed I had worked so hard for this,sad
It's so frustrating to know I didn't get the results I wanted,sad
I'm so disappointed that I can't even get through this exam,sad
No matter how hard I tried I couldn't get the grade I wanted,sad
I guess my hard work wasn't enough to get me through this exam,sad
My confidence is shattered after failing this exam,sad
My friends all passed but I didn't I feel so embarrassed,sad
I can't believe I didn't get the grade I was expecting,sad
I'm so disappointed that I couldn't even pass this exam,sad
It feels like all my hard work was for nothing I'm crushed,sad
I'm so ashamed that I couldn't do better on this exam,sad
It's like my studying was in vain I failed this exam,sad
I feel like I've let everyone down including myself,sad
My dream of going to a good college is fading away,sad
I can't believe I failed I had worked so hard for this,sad
It's so frustrating to know I didn't get the results I wanted,sad
I'm so disappointed that I can't even get through this exam,sad
No matter how hard I tried I couldn't get the grade I wanted,sad
I guess my hard work wasn't enough to get me through this exam,sad
My parents won't be happy with my results I'm so ashamed,sad
My friends all did better than me I feel so embarrassed,sad
I can't believe I didn't get the grade I was expecting,sad
I'm so disappointed that I couldn't even pass this exam,sad
I'm so ashamed that I couldn't do better on this exam,sad
It's like my studying was in vain I failed this exam,sad
I feel like I've let everyone down including myself,sad
I can't believe I failed again,sad
It's like all my hard work was for nothing,sad
My dreams of graduating have been crushed,sad
I can't believe I let this happen,sad
I'm so embarrassed to tell anyone,sad
My friends will all be so disappointed in me,sad
I can't believe I wasn't good enough,sad
I thought I was prepared but I guess I wasn't,sad
I'm so frustrated with myself for not doing better,sad
I feel like I have let everyone down,sad
I can't believe this is my reality,sad
I don't know what I'm going to do,sad
I'm not sure how I'm going to move on from this,sad
My future feels so uncertain now,sad
I don't know how I'm going to get past this,sad
I feel like I have failed everyone who has helped me,sad
I'm so upset that I couldn't do better,sad
I feel like I have let myself down,sad
I'm so disappointed in how I performed,sad
I can't believe I didn't do better,sad
My heart is breaking over this result,sad
I feel like I have let my family down,sad
I don't know why I couldn't do better,sad
I can't believe this is happening to me,sad
I'm defeated and discouraged,sad
I'm so ashamed of my performance,sad
This isn't the outcome I expected,sad
My confidence is completely shattered,sad
I'm so disheartened by my results,sad
I'm so sad and dejected right now,sad
I don't know how I'm going to keep going,sad
My dreams of success feel so distant now,sad
I'm so embarrassed of my failure,sad
I feel like I have let everyone down,sad
I can't believe I couldn't do better,sad
My heart is aching right now,sad
I'm so disheartened by this result,sad
I don't know how I'm going to get past this,sad
My future feels so uncertain now,sad
I'm so upset that I couldn't do better,sad
I'm so discouraged and defeated,sad
I can't believe I failed this exam,sad
I'm so embarrassed about my performance,sad
My dreams of success have been shattered,sad
I can't believe I let this happen,sad
I feel like I have let my family down,sad
I'm so disappointed in myself,sad
I'm so frustrated with my results,sad
I'm so ashamed of this outcome,sad
I can't believe I was so unprepared,sad
My confidence has taken a huge hit,sad
My heart is broken over this,sad
I can't believe I got an F on the exam,sad
I put in so much effort and still didn't pass,sad
My parents are going to be so disappointed in me,sad
I feel like a complete failure,sad
I can't believe I let myself down like this,sad
,sad
I worked so hard and still didn't get the grade I wanted,sad
My hard work wasn't enough to get me a good mark,sad
I feel like all my studying was for nothing,sad
I'm so embarrassed that I failed the exam,sad
I can't believe I didn't do better on the exam,sad
I feel like such a disappointment,sad
My poor performance has me feeling so hopeless,sad
I can't believe all my efforts were in vain,sad
I feel like I let myself down by not doing better,sad
I'm so ashamed that I couldn't get the grade I wanted,sad
,sad
My efforts weren't enough to pass the exam,sad
I feel like I failed myself by not passing,sad
I'm so discouraged by my poor performance,sad
I'm so disheartened that I didn't do better,sad
My failure on the exam has left me feeling so down,sad
I'm so dejected that I didn't pass the exam,sad
I can't believe I failed despite all my hard work,sad
I'm so sad that I wasn't able to do better,sad
I feel like I let myself and my family down,sad
I'm so embarrassed that I couldn't pass the exam,sad
I'm so frustrated that I couldn't get the grade I wanted,sad
I feel like my hard work was for nothing,sad
I can't believe I didn't do better on the exam,sad
I'm so disheartened by my poor performance,sad
I feel like such a failure for not being able to pass,sad
I'm so disappointed by how I did on the exam,sad
I'm so discouraged that I wasn't able to do better,sad
My poor results have me feeling so defeated,sad
I'm so embarrassed that I couldn't pass the exam,sad
I'm so upset that I couldn't get the grade I wanted,sad
I feel so hopeless about my exam results,sad
I'm so dejected that I didn't get the score I was hoping for,sad
I'm so dispirited by my results,sad
I'm so demoralized by my failure,sad
I'm so crushed that I couldn't do better,sad
I'm so discouraged by my results,sad
I'm so let down that I couldn't get the grade I wanted,sad
I'm so gutted that I didn't get the score I needed,sad
I'm so crestfallen that I didn't pass the exam,sad
I'm so ashamed of my poor performance,sad
I achieved top marks in my exam,happy
I received an outstanding grade on my test,happy
I successfully completed my course,happy
I passed my final year exams,happy
My hard work paid off on the exam,happy
I'm proud of my exam results,happy
I'm celebrating my exam success,happy
I'm overjoyed with my exam performance,happy
I'm relieved to have finished my exams,happy
I'm encouraged by my exam results,happy
I'm delighted with my exam results,happy
I'm feeling proud of my exam success,happy
I'm thrilled with my exam results,happy
I'm so thankful that I passed my exams,happy
I'm ecstatic about my exam results,happy
I'm satisfied with my exam results,happy
I'm astonished by my exam results,happy
I'm jubilant about my exam success,happy
I'm proud to have done so well on my exams,happy
I'm amazed at my exam results,happy
I'm over the moon with my exam results,happy
I'm so pleased with my exam performance,happy
I'm elated with my exam results,happy
I'm proud of my accomplishment on my exams,happy
I'm feeling relieved to have passed my exams,happy
I'm so proud of the grades I received on my exams,happy
I'm so proud of my hard work paying off on my exams,happy
I'm delighted to have achieved great results on my exams,happy
I'm overjoyed to have passed all my exams,happy
I'm so relieved that I did well on my exams,happy
I'm ecstatic to have completed my exams,happy
I'm so proud that I passed my final exams,happy
I'm proud of the effort I put in to my exams,happy
I'm amazed to have done so well on my exams,happy
I'm proud of myself for doing so well on my exams,happy
I'm proud of the effort I put in to my exams,happy
I'm feeling content with my exam results,happy
I'm so thrilled to have done well on my exams,happy
I'm over the moon that I passed my exams,happy
I'm so pleased to have achieved good grades on my exams,happy
I'm so pleased with my results on my exams,happy
I'm so relieved that I passed my exams,happy
I'm so proud of my hard work on my exams,happy
I'm feeling satisfied with my exam results,happy
I'm so proud of the effort I put in to my exams,happy
I'm so proud of my results on my exams,happy
I'm feeling excited about my exam results,happy
I'm feeling proud of my exam results,happy
I'm feeling joyous about my exam results,happy
I'm so happy to have done well on my exams,happy
I'm so pleased with the results of my exams,happy
I'm so pleased with my exam performance,happy
I'm feeling proud of my exam success,happy
I'm feeling triumphant about my exam results,happy
I'm feeling encouraged by my exam results,happy
I'm feeling delighted with my exam results,happy
I'm so proud of the grades I earned on my exams,happy
I'm so proud of my results on my exams,happy
I'm feeling joyous about my exam success,happy
I aced my exam,happy
I sailed through my exam with flying colors,happy
I'm so proud of my exam results,happy
I'm ecstatic that I scored well on my exam,happy
I'm thrilled I did so well on my exam,happy
I'm delighted that I passed my exam,happy
I'm so pleased with my exam results,happy
My hard work paid off on my exam,happy
I'm so overjoyed that I passed my exam,happy
I'm jumping for joy that I aced my exam,happy
My exam results exceeded my expectations,happy
I'm absolutely elated with my exam performance,happy
I'm absolutely delighted with my exam results,happy
I'm so relieved that I passed my exam,happy
I'm over the moon that I passed my exam,happy
I'm so proud of my exam achievement,happy
I'm overjoyed with my exam results,happy
I'm so pleased that I achieved my goal on my exam,happy
I'm so satisfied with my exam performance,happy
I'm beaming with pride about my exam results,happy
I'm so content that I passed my exam,happy
My exam performance made me jump for joy,happy
I'm so proud of myself for passing my exam,happy
I'm so thrilled that I aced my exam,happy
I'm so satisfied with the results of my exam,happy
I'm ecstatic that I did so well on my exam,happy
I'm so proud of my exam success,happy
I'm absolutely delighted with my exam results,happy
I'm really pleased with my exam performance,happy
I'm overjoyed that I passed my exam,happy
My exam results made me jump for joy,happy
I'm jubilant that I aced my exam,happy
I'm so gratified that I passed my exam,happy
I'm really proud of my exam results,happy
I'm really pleased that I achieved my goal on my exam,happy
I'm really content with my exam performance,happy
I'm absolutely delighted with my exam results,happy
I'm really proud of myself for passing my exam,happy
I'm really thrilled that I aced my exam,happy
I'm really satisfied with the results of my exam,happy
I'm really ecstatic that I did so well on my exam,happy
I'm really proud of my exam success,happy
I'm really overjoyed with my exam results,happy
I'm really pleased that I aced my exam,happy
I'm really proud of my exam achievement,happy
I'm feeling confident and ready for my exam,happy
I'm ready to show what I've been studying,happy
I'm looking forward to the challenge of the exam,happy
I'm excited to put my knowledge to the test,happy
I'm ready to show what I've learned,happy
I'm ready to take on the challenge of the exam,happy
I'm confident that I will do well,happy
I'm ready to ace this exam,happy
I'm looking forward to my success on this exam,happy
I'm feeling positive about the exam,happy
I'm excited to demonstrate my understanding of the material,happy
I'm ready to prove my knowledge,happy
I'm confident that I can do well on this exam,happy
I'm ready to make the most of this opportunity,happy
I'm feeling confident and prepared for the exam,happy
I'm ready to show off my skills,happy
I'm feeling prepared and ready for the exam,happy
I'm looking forward to the challenge of the exam,happy
I'm excited to prove my knowledge,happy
I'm confident that I can do well on this exam,happy
I'm ready to make the most of this chance,happy
I'm feeling positive and ready to take the exam,happy
I'm looking forward to demonstrating my understanding,happy
I'm ready to show what I've learned,happy
I'm feeling confident and ready to ace this exam,happy
I'm excited to put my knowledge to the test,happy
I'm ready to show off my skills,happy
I'm confident that I can do well on this exam,happy
I'm feeling prepared and ready to take the exam,happy
I'm ready to make the most of this opportunity,happy
I'm looking forward to the challenge of the exam,happy
I'm feeling positive and ready to take the exam,happy
I'm excited to prove my knowledge,happy
I'm ready to demonstrate my understanding,happy
I'm confident that I will do my best on this exam,happy
I'm looking forward to succeeding on this exam,happy
I'm ready to show what I've been studying,happy
I'm feeling prepared and confident for the exam,happy
I'm excited to put my knowledge to the test,happy
I'm looking forward to demonstrating my understanding,happy
I'm ready to prove my knowledge,happy
I'm feeling confident and ready to ace this exam,happy
I'm looking forward to the challenge of the exam,happy
I'm ready to make the most of this chance,happy
I'm feeling positive and ready to take the exam,happy
I'm excited to show off my skills,happy
I'm confident that I will do well,happy
I'm looking forward to success on this exam,happy
I'm ready to demonstrate my understanding of the material,happy
I'm feeling prepared and ready for the exam,happy
I'm ready to show what I've learned,happy
I'm confident that I can do my best on this exam,happy
I'm excited to put my knowledge to the test,happy
I'm looking forward to the challenge of the exam,happy
I'm ready to make the most of this opportunity,happy
I'm feeling positive and confident for the exam,happy
I'm ready to prove my knowledge,happy
I'm feeling prepared and ready to take the exam,happy
I'm excited to show off my skills,happy
I'm looking forward to demonstrating my understanding,happy
I'm confident that I can do well on this exam,happy
I'm so excited to finally take my exams,happy
I'm looking forward to showing off my knowledge,happy
I'm relieved to have completed all my studying,happy
I can't wait to see my results,happy
My hard work has paid off,happy
I'm proud of myself for the effort I put in,happy
I'm confident I will do well,happy
I'm ready to take on the challenge of my exams,happy
I'm thrilled to have reached this milestone,happy
I'm joyful to be taking my exams today,happy
I'm elated to be one step closer to my goals,happy
I'm proud of the progress I've made,happy
I'm proud of how far I've come,happy
I'm proud of my dedication to this exam,happy
I'm content with all the preparation I did,happy
I'm optimistic about my exam results,happy
I'm beaming with pride on exam day,happy
,
frightened of the consequences of the exam,fear
worried I won't remember all the material,fear
scared of not being able to finish the exam,fear
anxious about the results of the test,fear
scared of not getting the grade I want,fear
afraid of not being able to focus,fear
nervous about not understanding the questions,fear
concerned about not being able to complete the exam,fear
scared of not being able to demonstrate my knowledge,fear
shaking at the thought of the exam,fear
worried about not being able to answer the questions correctly,fear
apprehensive of not being able to show what I know,fear
terrified of not being able to finish on time,fear
scared of the pressure of the exam,fear
petrified of the amount of material I have to cover,fear
anxious about not being able to recall the information,fear
fearful of not being able to perform on the exam,fear
panicking about not having enough time to study,fear
worried about not being able to get a good grade,fear
dreading not being able to answer the questions,fear
scared of not being able to understand the material,fear
apprehensive of not being able to do well,fear
nervous about not being able to remember the topics,fear
anxious about the possibility of failing,fear
concerned about not being able to concentrate,fear
dreading the thought of not passing the exam,fear
petrified of not being able to answer the questions correctly,fear
scared of not being able to complete the test,fear
trembling at the idea of not being able to perform well,fear
anxious about not being able to demonstrate my knowledge,fear
,fear
I feel a knot in my stomach as I consider the possible outcomes of the test,fear
I'm dreading the day of the exam,fear
I'm petrified of failing the exam,fear
I'm worried I won't have enough time to study,fear
The thought of failing makes me uneasy,fear
I'm apprehensive about how I'll perform,fear
I'm afraid I won't remember the material,fear
My palms are sweaty as I prepare for the exam,fear
I'm scared of the consequences if I don't do well,fear
I'm trembling at the thought of the exam,fear
I'm terrified of the questions I don't know the answers to,fear
I'm nervous about how I'll perform under pressure,fear
I'm anxious about the results of the exam,fear
I'm worried I'll run out of time,fear
I'm concerned I won't be able to show what I know,fear
I'm scared of getting a bad grade,fear
I'm panicked about the amount of material I have to cover,fear
I'm fearful of not understanding the questions,fear
I'm apprehensive about the outcome of the test,fear
I'm scared of not being able to answer the questions correctly,fear
My hands are trembling as I take out my pencil to begin the exam,fear
I'm overwhelmed by the number of questions and I don't know where to start,fear
I'm running out of time and I'm not sure I can finish the test,fear
I'm worried that I'll make a mistake and fail the exam,fear
I'm afraid that I won't be able to answer all the questions correctly,fear
I'm scared of not understanding the questions and not being able to answer them,fear
I'm afraid of not being able to complete the exam on time,fear
I'm anxious about the pressure of writing the exam and getting it wrong,fear
I'm worried that I won't be able to remember all the information I've studied,fear
I'm scared of not being able to concentrate on the exam and not doing well,fear
I'm afraid that I won't be able to answer the questions to the best of my ability,fear
I'm afraid that I won't be able to finish the exam in time,fear
I'm afraid of not being able to keep up with the pace of the exam,fear
I'm worried that I won't be able to recall all the facts I've learned,fear
I'm anxious about not understanding the exam instructions and not being able to answer the questions,fear
I'm scared of making a mistake and not being able to correct it,fear
I'm worried that I won't be able to concentrate on the exam and not do my best,fear
I'm afraid of not being able to finish the exam before time runs out,fear
I'm anxious about not being able to remember all the important points I've studied,fear
I'm scared of not being able to answer all the questions correctly,fear
My mind is blank and I can't seem to remember anything I've studied,fear
,
I'm so nervous that I can hardly concentrate on the questions,fear
My hands are shaking as I try to write my answers,fear
I'm panicking and my thoughts are racing,fear
I can feel my heart pounding in my chest,fear
I can hear my own breathing and it's making me more anxious,fear
I'm afraid that I won't be able to answer any of the questions,fear
I'm terrified that I won't be able to finish the exam in time,fear
I'm petrified that I'll forget the answers during the exam,fear
I'm ecstatic that I saw results for all my hard work,happy
I'm astounded that I answered all the questions correctly,surprise
I'm frustrated that I had to study for so long to pass,anger
I'm melancholy that I didn't get the grade I wanted,sad
I'm terrified that I won't be able to answer the questions,fear
I'm overjoyed that I achieved the grade I was aiming for,happy
I'm astonished that I was able to understand all the material,surprise
I'm infuriated that I had to study so much for the exam,anger
I'm scared that I didn't understand the concepts well enough to do well on the exam,fear
I'm delighted that I remembered all the material and was able to answer all the questions,happy
I'm shocked that I aced the exam despite all the stress I was feeling,surprise
I'm angry that I had to spend so much time studying for the exam,anger
,
I'm terrified that I won't be able to recall the answers during the exam,fear
I'm overjoyed that I remembered all the important facts,happy
I'm astonished that I managed to pass the test despite all the obstacles,surprise
I'm frustrated that I can't seem to find the right answer,anger
I'm discouraged that I didn't get the grade I wanted,sad
I'm relieved that I can finally move on to the next topic,happy
I'm panicked that I didn't study enough to do well,fear
I'm thrilled that I did better than I expected,happy
I'm amazed that I got a perfect score,surprise
I'm exasperated that I had to spend so much time studying,anger
I'm anxious that I might fail the exam,fear
I'm elated that I aced the hardest question on the test,happy
I'm flabbergasted that I got the highest grade in the class,surprise
I'm agitated that the exam was more difficult than I anticipated,anger
I'm disappointed that I missed a question I thought I knew,sad
I'm grateful that I had extra time to review my answers,happy
I'm uneasy that I might have misunderstood a key concept,fear
I'm proud that I put in the effort to prepare for the exam,happy
I'm shocked that the exam was easier than I expected,surprise
I'm annoyed that I made a careless mistake on the test,anger
I'm despondent that I didn't pass the exam,sad
I'm content that I did my best on the exam,happy
I'm apprehensive that I didn't study the right material,fear
I'm fearful that I won't be able to finish the exam on time,fear
I'm thrilled that I received a perfect score on the exam,happy
I'm amazed that I was able to solve a difficult problem on the test,surprise
I'm angry that the exam didn't cover the material I studied,anger
I'm saddened that I didn't do as well on the exam as I hoped,sad
I'm pleased that I was able to remember important details,happy
I'm surprised that I did better on the exam than I thought I would,surprise
I'm frustrated that I didn't have enough time to answer all the questions,anger
I'm disappointed that I didn't receive a higher grade on the exam,sad
I'm relieved that the exam is over and I can relax,happy
I'm worried that I didn't study enough for the exam,fear
I'm ecstatic that I exceeded my expectations on the test,happy
I'm stunned that I was able to solve a problem I never studied for,surprise
I'm annoyed that the exam was full of trick questions,anger
I'm crestfallen that I failed the exam,sad
I'm grateful that the exam covered topics I was comfortable with,happy
I'm taken aback that I did better on the exam than my classmates,surprise
I'm agitated that the exam was too easy and didn't challenge me,anger
I'm disheartened that I struggled with questions that I thought I knew,sad
I'm thankful that I had access to helpful study materials,happy
I'm uneasy that the exam focused heavily on material I wasn't familiar with,fear
I'm overjoyed that I passed the exam with flying colors,happy
I'm astounded that I finished the exam ahead of schedule,surprise
I'm irritated that the exam was poorly designed,anger
I'm dejected that I didn't get the grade I needed,sad
I'm satisfied that I was able to answer all the questions on the exam,happy
I'm surprised that I found the exam easier than I thought I would,surprise
I'm frustrated that I missed a question that I knew the answer to,anger
I'm saddened that I didn't pass the exam on my first try,sad
I'm elated that I can move on to the next subject now that the exam is over,happy
I'm concerned that I didn't study the right topics for the exam,fear
I'm impressed that I was able to remember a difficult formula during the test,surprise
I'm annoyed that the exam didn't give me enough space to write my answers,anger
I'm disappointed that I didn't get the grade I needed to pass the course,sad
I'm content that I did well enough on the exam to pass,happy
I'm shocked that I failed the exam even though I thought I did well,surprise
I'm angry that the exam covered material that wasn't in the syllabus,anger
I'm disheartened that I studied so hard but still didn't pass,sad
I'm pleased that I was able to apply what I learned during the exam,happy
I'm apprehensive that I didn't study enough to pass the exam,fear
I'm ecstatic that I got an A on the test,happy
I'm impressed that I was able to solve a complex problem on the exam,surprise
I'm frustrated that I didn't understand a question on the test,anger
I'm saddened that I didn't perform as well as I hoped on the exam,sad
I'm grateful that I had a good night's sleep before the exam,happy
I'm surprised that I received a higher grade on the exam than I expected,surprise
I'm irritated that the exam didn't give enough time to thoroughly answer each question,anger
I'm disappointed that I didn't do as well on the exam as my peers,sad
I'm relieved that I don't have to worry about the exam anymore,happy
I'm nervous that I accidentally skipped a question on the exam,fear
I'm elated that I passed the exam despite not feeling well,happy
I'm astonished that I was able to recall a fact that I thought I had forgotten,surprise
I'm annoyed that the exam had multiple choice questions with more than one correct answer,anger
I'm disheartened that I failed the exam by just a few points,sad
I'm thankful that the exam didn't have any tricky questions,happy
I'm worried that I misinterpreted a question on the exam,fear
I'm overjoyed that I received the highest grade in the class on the exam,happy
I'm amazed that I was able to complete the exam in half the time allotted,surprise
I'm frustrated that the exam covered material that wasn't emphasized in class,anger
I'm saddened that I wasn't able to finish the exam due to unforeseen circumstances,sad
I'm satisfied that I did my best on the exam given the circumstances,Happy
I'm surprised that the exam was easier than I thought it would be,surprise
I'm irritated that the exam had a question that was not covered in the study materials,anger
I'm crestfallen that I didn't get a passing grade on the exam,sad
I'm grateful that the exam covered exactly what I studied,happy
I'm apprehensive that I didn't study enough of a particular topic for the exam,fear
I'm ecstatic that I received a perfect score on the exam,happy
I'm impressed that I was able to remember a key concept that was mentioned only once in class,surprise
I'm annoyed that the exam was timed and I didn't have enough time to double-check my answers,anger
I'm saddened that I studied so hard for the exam and still didn't get the grade I wanted,sad
I'm relieved that I passed the exam despite feeling overwhelmed during the test,happy
I'm worried that I didn't read the instructions carefully enough on the exam,fear
I'm overjoyed that I received a high enough grade on the exam to pass the class,happy
I'm astonished that I was able to answer a question on the exam that I had no prior knowledge of,surprise
I'm frustrated that the exam had too many questions that were too difficult,anger
I'm disheartened that I didn't do as well on the exam as I did on the practice tests,sad
I'm thankful that the exam was fair and covered everything we learned in class,happy
I'm surprised that I remembered a detail on the exam that I didn't even know was important,surprise
I'm irritated that the exam had a typo in one of the questions,anger
I'm disappointed that I didn't receive the grade I needed to get into the program I wanted,sad
I'm content that I passed the exam even though I didn't do as well as I wanted,happy
I'm nervous that I didn't study enough to answer the essay questions on the exam,fear
I'm elated that I aced the exam even though I struggled with the material,happy
I'm astonished that I was able to solve a complex problem on the exam without any help,surprise
I'm annoyed that the exam had a question that was too easy and didn't challenge me,Anger
I'm upset that the exam didn't provide clear instructions for how to approach each question,anger
I'm disappointed that I didn't receive the grade I needed to get into the program I wanted,sad
I'm frustrated that I didn't have enough time to finish the exam,anger
I'm relieved that I was able to answer the difficult questions,happy
I'm worried that I might have misunderstood some of the questions,fear
I'm ecstatic that I got an A on the exam,happy
I'm annoyed that the exam didn't cover material that was on the study guide,anger
I'm grateful that I had enough time to study before the exam,happy
I'm concerned that I didn't get enough sleep the night before the exam,fear
I'm proud of myself for getting a passing grade on the exam,happy
I'm disappointed that I didn't do better on the exam,sadness.
I'm surprised that I found the exam easier than I thought it would be,surprise
I'm frustrated that the exam had questions that were not covered in class,anger
I'm impressed that I was able to recall so much information during the exam,surprise
I'm scared that I might have accidentally skipped a page of questions,fear
I'm satisfied with the grade I received on the exam,happy
I'm annoyed that the exam had a confusingly-worded question,anger
I'm happy that I was able to apply what I learned in class to the exam,happy
I'm glad that I passed the exam on my first try,happy
I'm thrilled that I got an A+ on the exam,happy
I'm pleased that I was able to answer all of the essay questions,happy
I'm overjoyed that I received a scholarship for my performance on the exam,happy
I'm delighted that my hard work paid off and I did well on the exam,happy
I'm grateful that I had a good teacher who helped me prepare for the exam,happy
I'm excited to see what other opportunities will come my way now that I passed the exam,happy
I'm elated that I did so well on the exam,happy
I'm content with my performance on the exam,happy
I'm happy that I was able to balance studying for the exam with my other responsibilities,happy
I'm thankful that the exam covered topics that I was familiar with,happy
I'm satisfied that I achieved the grade I was hoping for on the exam,happy
I'm thrilled that I can move on to the next course now that the exam is over,happy
I'm grateful that I had friends who supported me and encouraged me to do my best on the exam,happy
I'm ecstatic that all of my hard work and studying paid off and I aced the exam,happy
I'm amazed that I got a perfect score on the exam,surprise
I'm shocked that I was able to answer all of the multiple choice questions correctly,surprise
I'm astounded that I finished the exam before the time was up,surprise
I'm stunned that I was able to remember everything I studied for the exam,surprise
I'm impressed that the exam had some questions that were challenging but I was able to answer them correctly,surprise
I'm blown away by the fact that I did better on the exam than I ever thought possible,surprise
I'm pleasantly surprised that the exam wasn't as difficult as I thought it would be,surprise
I'm amazed that I was able to solve the difficult math problems on the exam,surprise
I'm shocked that I was able to write a good essay on the exam,surprise
I'm surprised that I was able to finish all of the essay questions in the time given,surprise
I'm astonished that I was able to recall some obscure details that were on the exam,surprise
I'm pleasantly surprised that I received a higher grade on the exam than I was expecting,surprise
I'm impressed that I was able to maintain my focus throughout the exam,surprise
I'm amazed that I was able to perform so well on the exam even though I was feeling sick,surprise
I'm surprised that I found the exam to be interesting and engaging,surprise
I'm disappointed that I didn't do as well as I wanted to on the exam,sad
I'm saddened that I didn't receive the grade I needed to pass the course,sad
I'm disheartened that I missed some important questions on the exam,sad
I'm upset that the exam didn't cover some of the material I had studied,sad
I'm unhappy that I didn't have enough time to answer all of the questions on the exam,sad
I'm crestfallen that I studied so hard for the exam but still didn't perform well,sad
I'm dejected that I failed the exam and will have to retake the course,sad
I'm discouraged that I didn't get the grade I needed to pursue my career goals,sad
I'm saddened that my performance on the exam doesn't reflect my true understanding of the material,sad
I'm upset that I made careless mistakes on the exam and lost points,sad
I'm disheartened that I didn't have enough confidence in myself to perform better on the exam,sad
I'm unhappy that the exam didn't give me the opportunity to showcase my knowledge in certain areas,sad
I'm crestfallen that I received a lower grade on the exam than my classmates,sad
I'm dejected that I didn't have the right mindset going into the exam and it affected my performance,sad
I'm discouraged that I didn't study the right way for the exam and it showed in my grade,sad
I'm nervous that I won't have enough time to complete the exam,fear
I'm scared that I won't be able to understand the questions on the exam,fear
I'm anxious that I'll forget what I studied for the exam,fear
I'm worried that I'll get distracted during the exam and miss important details,fear
I'm afraid that I'll freeze up and not be able to answer any of the questions,fear
I'm terrified that I'll fail the exam and have to retake the course,fear
I'm apprehensive that I won't be able to handle the pressure of the exam,fear
I'm uneasy that the exam might have unexpected questions that I won't be prepared for,fear
I'm concerned that I won't be able to balance my other responsibilities with studying for the exam,fear
I'm hesitant to take the exam because I'm not confident in my knowledge,fear
I'm scared that I'll misinterpret the questions on the exam and give the wrong answer,fear
I'm worried that I'll get sick on the day of the exam and not be able to take it,fear
I'm anxious that I won't be able to focus during the exam because of external distractions,fear
I'm afraid that I won't be able to retain all of the material I need to know for the exam,fear
I'm nervous that my anxiety will get the best of me during the exam and affect my performance,fear
I'm amazed that I was able to answer some of the unexpected questions on the exam,surprise
I'm shocked that I received a higher grade than I thought I would on the exam,surprise
I'm pleasantly surprised that the exam covered topics that I was particularly interested in,surprise
I'm surprised that I performed better on the exam than some of my classmates who usually do better,surprise
I'm impressed that the exam challenged me to think outside of the box and apply my knowledge in new ways,surprise
I'm astonished that I was able to remember all of the important details and concepts needed for the exam,surprise
I'm surprised that I was able to manage my time well during the exam and answer all of the questions,surprise
I'm amazed that I was able to solve some of the more difficult problems on the exam,surprise
I'm shocked that I didn't receive the grade I thought I would on the exam,surprise
I'm pleasantly surprised that I received positive feedback from my professor or peers about my performance on the exam,surprise
I'm surprised that I found the exam easier than I thought it would be,surprise
I'm astonished that I was able to perform well on the exam despite being sick or dealing with other personal issues,surprise
I'm impressed that I was able to think critically and analyze the questions on the exam effectively,surprise
I'm surprised that I was able to perform well on the exam even though I hadn't studied as much as I wanted to,surprise
I'm amazed that I was able to answer all of the questions on the exam correctly,surprise
I'm thrilled that I aced the exam and exceeded my expectations,happy
I'm elated that I received a higher grade than I thought I would on the exam,happy
I'm delighted that the exam covered the material that I had studied extensively,happy
I'm overjoyed that I was able to answer all of the questions on the exam,happy
I'm ecstatic that I passed the exam with flying colors,happy
I'm thrilled that my hard work paid off and I did well on the exam,happy
I'm over the moon that I got the grade I needed to pursue my academic or career goals,happy
I'm delighted that I received positive feedback from my professor or peers about my performance on the exam,happy
I'm excited that I now have a better understanding of the material after taking the exam,happy
I'm grateful that I had the opportunity to take the exam and prove my knowledge,happy
I'm pleased that my efforts in studying and preparing for the exam paid off,happy
I'm glad that I had a clear understanding of what was expected of me on the exam and was able to deliver,happy
I'm overjoyed that I was able to recall all of the important details and concepts needed for the exam,happy
I'm ecstatic that I achieved the grade I was aiming for and can now move on to the next chapter,happy
I'm thrilled that I was able to apply my knowledge to solve the problems on the exam,happy
I'm disappointed that I didn't do as well as I wanted to on the exam,sad
I'm saddened that I didn't receive the grade I needed to pass the course,sad
I'm disheartened that I missed some important questions on the exam,sad
I'm upset that the exam didn't cover some of the material I had studied,sad
I'm unhappy that I didn't have enough time to answer all of the questions on the exam,sad
I'm crestfallen that I studied so hard for the exam but still didn't perform well,sad
I'm dejected that I failed the exam and will have to retake the course,sad
I'm discouraged that I didn't get the grade I needed to pursue my career goals,sad
I'm saddened that my performance on the exam doesn't reflect my true understanding of the material,sad
I'm upset that I made careless mistakes on the exam and lost points,sad
I'm disheartened that I didn't have enough confidence in myself to perform better on the exam,sad
I'm unhappy that the exam didn't give me the opportunity to showcase my knowledge in certain areas,sad
I'm crestfallen that I received a lower grade on the exam than my classmates,sad
I'm dejected that I didn't have the right mindset going into the exam and it affected my performance,sad
I'm discouraged that I didn't study the right way for the exam and it showed in my grade,sad
I was able to answer all the questions on the exam,happy
I'm nervous that I won't be able to complete the exam in time,fear
I'm surprised that the exam was easier than I expected,surprise
I'm annoyed that the exam was too difficult for me,anger
I'm relieved that the exam is finally over,happy
I'm afraid that I didn't study enough for the exam,fear
I'm ecstatic that I got an A on the exam,happy
I'm shocked that I completely forgot about one of the exam questions,surprise
I'm frustrated that I made a careless mistake on the exam,anger
I'm happy that I was able to recall all the information I studied,happy
I'm worried that I misunderstood one of the exam questions,fear
I'm amazed that I was able to finish the exam with time to spare,surprise
I'm irritated that some of the questions on the exam were poorly worded,anger
I'm thrilled that I passed the exam with a good grade,happy
I'm scared that I didn't study the right topics for the exam,fear
I'm impressed that I was able to use critical thinking skills to answer a difficult exam question,surprise
I'm angry that I was distracted during the exam and didn't perform as well as I could have,anger
I'm delighted that I was able to apply the concepts I learned in class to the exam,happy
I'm surprised that I found the exam to be enjoyable,surprise
I'm frustrated that I ran out of time and couldn't answer all the exam questions,anger
I'm happy that I was able to use the knowledge I learned to solve a challenging problem on the exam,happy
I'm afraid that I'll get a lower grade on the exam than I wanted,fear
I'm impressed that I was able to remember all the formulas I needed for the exam,surprise
I'm annoyed that the exam was too long and felt rushed,anger
I'm excited that I improved my score from the last exam,happy
I'm worried that I'll forget important information during the exam,fear
I'm overjoyed that I received an award for my performance on the exam,happy
I'm stunned that I answered a difficult question correctly,surprise
I'm irritated that I made a silly mistake on the exam,anger
I'm happy that I was able to think creatively to solve a problem on the exam,happy
I'm nervous that I'll get a bad grade on the exam and it will affect my GPA,fear
I'm surprised that I found the exam to be easier than I expected,surprise
I'm annoyed that some of the exam questions were ambiguous,anger
I'm thrilled that I received positive feedback from my professor on my exam,happy
I'm scared that I didn't prepare enough for the exam and will fail,fear
I'm amazed that I was able to solve a complex problem on the exam,surprise
I'm angry that I studied the wrong information for the exam,anger
I'm happy that I was able to apply my knowledge to a real-world scenario on the exam,happy
I'm surprised that I found a mistake in one of the exam questions,surprise
I'm overjoyed to have aced the exam and achieved my academic goals,happy
I'm saddened by the disappointing grade I received and the impact it may have on my academic future,sad
I'm afraid that my poor performance on the exam may reflect poorly on my academic abilities,fear
I'm surprised by how much I actually enjoyed studying and learning about the subject,surprise
I'm angry at myself for not studying more and being better prepared for the exam,anger
I'm happy to have gained a deeper understanding of the subject matter and its practical applications,happy
I'm sad to see the end of the course and the end of an engaging learning experience,sad
I'm afraid that I may have missed important information or concepts that will be relevant in the future,fear
I'm surprised by the unique and innovative approaches some of my classmates took in answering the exam questions,surprise
I'm angry at the professor for not providing enough study materials or clear guidance on the exam content,anger
I'm happy to have made new connections and friendships with fellow students in the course,happy
I'm sad that I may not have the opportunity to take another course with this professor or on this subject,sad
I'm afraid that I may have misinterpreted some of the exam questions and provided incorrect answers,fear
I'm surprised by the level of difficulty of some of the exam questions and how challenging they were to answer,surprise
I'm angry at the testing center for providing uncomfortable and distracting testing conditions,anger
I'm happy to have overcome my fear of exams and test-taking and achieved a passing grade,happy
I'm sad to see the end of an engaging and enlightening course and the connections I made within it,sad
I'm afraid that the exam results may have a negative impact on my self-confidence and academic aspirations,fear
I'm surprised by the level of collaboration and teamwork exhibited by my study group in preparing for the exam,surprise
I'm angry at myself for procrastinating and not giving myself enough time to study and prepare properly for the exam,anger
I'm happy that I was able to apply the concepts I learned in class to real-world situations,happy
I'm sad to have missed some important lectures due to illness  and it may have affected my exam performance,sad
I'm afraid that I may not have done well enough on the exam to get accepted into my desired program,fear
I'm surprised by how much I enjoyed working with classmates on the group project and we achieved great results,Surprise
I'm angry at the professor for giving questions that were not covered in class and I had to rely on my instincts to answer them,Anger
I'm happy to have discovered new interests and passions through the course material,happy
I'm sad that I didn't make more of an effort to get to know my classmates and I missed out on potential friendships,Sad
I'm afraid that I may have forgotten some important details from the course material and it may affect my future academic endeavors,Fear
I'm surprised by how much I learned and grew from this course and I feel much more prepared for future challenges,Surprise
I'm angry at the exam proctors for creating a stressful and uncomfortable environment and it affected my performance,Anfer
I'm happy to have received feedback from the professor and other classmates on my work and how to improve,happy
I'm sad that I didn't perform as well as I had hoped on the exam and it may have affected my overall grade,Sad
I'm afraid that I may have misread or misunderstood some of the exam questions,Fear
I'm surprised by how much I enjoyed learning about a subject I didn't think I would be interested in,Surprise
I'm angry at myself for not utilizing all the resources available to me to study and prepare for the exam,anger
I'm happy that I was able to overcome my fear of public speaking through presentations in class,happy
I'm angry at the professor for not being available outside of class hours to answer questions or provide additional support,anger
I'm relieved that I finished the exam and can relax now,happy
I'm worried that I didn't study enough to do well on the test,fear
I'm ecstatic that I aced the exam and got the highest grade in the class,happy
I'm disappointed that I forgot an important fact that was on the exam,sad
I'm surprised that I actually enjoyed studying for the test,surprise
I'm frustrated that I misunderstood the instructions for one of the questions,anger
I'm nervous that I won't get the grade I need to pass the course,fear
I'm grateful that my friend helped me study and I did well on the test,happy
I'm shocked that the exam was easier than I thought it would be,surprise
I'm annoyed that I had to wake up so early to take the exam,anger
I'm scared that I made too many mistakes and will get a low grade,fear
I'm thrilled that I finished the exam with time to spare,happy
I'm saddened that I didn't get a perfect score on the test,sad
I'm impressed that I was able to remember so much information for the exam,surprise
I'm frustrated that I spent so much time studying for a test that was so short,anger
I'm anxious that I won't get my exam results for another week,fear
I'm overjoyed that I passed the exam and can move on to the next course,happy
I'm amazed that I was able to solve all the math problems on the exam,surprise
I'm disappointed that I didn't get a higher grade on the test,sad
I'm angry that the test questions were too difficult and confusing,anger
I'm worried that my classmates did better than me on the exam,fear
I'm thrilled that I finally understand the material and did well on the test,happy
I'm surprised that I was able to finish the exam so quickly,surprise
I'm saddened that I missed a question that I knew the answer to,sad
I'm frustrated that the exam was so long and I had to rush through some of the questions,anger
I'm scared that I didn't study the right topics for the exam,fear
I'm grateful that the professor gave us a review sheet for the exam,happy
I'm impressed that I was able to write such a long essay in a short amount of time,surprise
I'm disappointed that the exam covered topics that we didn't go over in class,sad
I'm angry that the exam was scheduled during a time that didn't work for me,anger
I'm nervous that I won't be able to keep up with the rest of the class,fear
I'm overjoyed that I got a perfect score on the exam,happy
I'm amazed that I was able to answer all the exam questions correctly,surprise
I'm saddened that I studied so hard and still didn't do well on the test,sad
I'm frustrated that I didn't have enough time to finish the exam,anger
I'm worried that my test anxiety will affect my grade,fear
I'm thrilled that I can finally relax now that the exam is over,happy
I'm surprised that I was able to remember so many dates and events for the history exam,surprise
I'm disappointed that I didn't get a passing grade on the exam,sad
I'm angry that the exam didn't test the material that I studied,anger
I'm scared that I accidentally skipped a question on the exam,fear
I'm grateful that the professor gave us extra credit options for the exam,happy
I'm impressed that I was able to use critical thinking skills to answer the questions,happy
I'm thrilled that my hard work paid off and I got the grade I wanted,happy
I'm uneasy about the exam and worried that I might not do well,fear
I'm over the moon that I exceeded my own expectations and aced the exam,happy
I'm anxious about the upcoming exam and afraid that I haven't studied enough,fear
I'm impressed with my performance on the exam and pleasantly surprised with my grade,surprise
I'm frustrated that I got stuck on a difficult question and couldn't figure out the answer,anger
I'm relieved that the exam is over and I can finally relax,happy
I'm scared that I forgot to study an important topic that might be on the exam,fear
I'm amazed that I was able to answer every question correctly and got a perfect score,surprise
I'm annoyed that the exam didn't cover the material that I had studied extensively,anger
I'm delighted that I received the highest grade in the class,happy
I'm worried that I might have made careless mistakes on the exam that will cost me points,fear
I'm astonished that I was able to understand and solve the difficult problems on the exam,surprise
I'm irritated that the exam was harder than I had anticipated,anger
I'm elated that my hard work and dedication paid off and I got a good grade,happy
I'm nervous about the upcoming exam and scared that I won't be able to handle the pressure,fear
I'm shocked that I failed the exam despite studying for weeks,surprise
I'm frustrated that the exam didn't test the material that I had prepared for,anger
I'm thrilled that I passed the exam and can move on to the next course,happy
I'm afraid that I won't be able to meet my expectations and get a good grade on the exam,fear
I'm surprised that I found the exam easier than I had anticipated,surprise
I'm annoyed that I couldn't finish the exam in time and had to rush through some questions,anger
I'm grateful that I had a good night's sleep before the exam and was able to perform well,happy
I'm terrified that I might have missed an entire section on the exam,fear
I'm amazed that I was able to recall all the important details and answer the questions correctly,surprise
I'm upset that the exam was too long and didn't give me enough time to think,anger
I'm satisfied that I got a decent grade on the exam considering how hard it was,happy
I'm uneasy about the upcoming exam and worried that I might not be able to remember all the material,fear
I'm astonished that I got a perfect score on the exam despite not feeling confident,surprise
I'm frustrated that I got a lower grade than I had hoped for despite studying hard,anger
I'm overjoyed that I passed the exam and can continue with my academic journey,happy
I'm scared that I might have misunderstood some of the questions on the exam,fear
I'm thrilled that I was able to apply the knowledge I had learned in class and perform well on the exam,happy
I'm nervous about the upcoming exam and afraid that I won't be able to keep up with the pace,fear
I'm surprised that I was able to finish the exam in less time than I had expected,surprise
I'm irritated that the exam had too many trick questions and wasn't straightforward,anger
I'm grateful that I had a good study group and was able to prepare well for the exam,happy
I'm worried that the upcoming exam might be more difficult than I can handle,fear
I'm amazed that I was able to understand the complex concepts,happy
I'm thrilled that I passed the exam on my first try,happy
I'm ecstatic that I did so well on the test,happy
I'm overjoyed that I got the highest score in the class,happy
I'm delighted that I was able to finish the exam with time to spare,happy
I'm pleased that my hard work paid off and I achieved my goal,happy
I'm terrified that I won't be able to pass the final exam,fear
I'm scared that I won't be able to keep up with the coursework this semester,fear
I'm nervous that I'll forget everything I learned during the exam,fear
I'm anxious that I won't be able to handle the pressure of the upcoming presentation,fear
I'm petrified that I'll fail the midterm and have to retake the course,fear
I'm astonished that I got a perfect score on the exam,surprise
I'm shocked that I was able to complete the test in such a short amount of time,surprise
I'm amazed that I was able to answer all the questions correctly,surprise
I'm stunned that I received such a high grade on the paper,surprise
I'm taken aback that I was able to comprehend the complex concepts so quickly,surprise
I'm infuriated that I received a lower grade than I deserved on the assignment,anger
I'm frustrated that I had to spend so much time studying instead of doing other things I enjoy,anger
I'm angry that the exam questions were not what I expected,anger
I'm annoyed that I had to deal with technical difficulties during the test,anger
I'm mad that my professor was not available to answer my questions when I needed help,anger
I'm thrilled that I passed the exam with flying colors,happy
I'm crushed that I didn't get the grade I needed to pass the course,sad
I'm terrified that I forgot to study a crucial concept for the exam,fear
I'm amazed that I was able to finish the exam with time to spare,surprise
I'm enraged that the exam questions were unclear and confusing,anger
I'm ecstatic that I aced the exam and got the highest score in the class,happy
I'm devastated that I failed the exam even though I studied so hard,sad
I'm anxious that I won't be able to recall the answers during the exam,fear
I'm shocked that I got a perfect score on the exam despite thinking I did poorly,surprise
I'm frustrated that I had to guess on so many questions because I ran out of time,anger
I'm overjoyed that I passed the exam and can now move on to the next level,happy
I'm heartbroken that I missed one crucial question that caused me to fail the exam,sad
I'm petrified that I will freeze up during the exam and forget everything I studied,fear
I'm pleasantly surprised that I did better on the exam than I expected,surprise
I'm annoyed that the exam questions were too easy and didn't challenge me enough,anger
I'm elated that I passed the exam and can now celebrate with my friends and family,happy
I'm disheartened that I didn't get the score I needed to get into the college of my dreams,sad
I'm scared that I won't be able to finish the exam on time and will miss out on crucial points,fear
I'm stunned that I got a higher score on the exam than my classmates who are usually top performers,surprise
I'm irritated that the exam questions didn't cover the topics I studied and focused on irrelevant information,anger
I'm glad that I practiced the sample questions and was familiar with the exam format,happy
,
I'm frustrated that I had to stay up all night to finish studying,anger
,
I'm astonished that I remembered everything from the lecture without taking any notes,surprise
,
I'm scared that I didn't study enough to do well on the exam,fear
,
I'm happy that I was able to work through the difficult problems and answer all the questions,happy
,
I'm annoyed that the exam didn't cover the material that I studied extensively,anger
,
I'm surprised that the exam was easier than I expected,surprise
,
I'm disappointed that I didn't have enough time to finish the last few questions,sad
,
I'm afraid that I accidentally bubbled in the wrong answer on the scantron,fear
,
I'm overjoyed that I received a higher grade than I anticipated,happy
,
I'm angry that the exam had too many trick questions,anger
,
I'm amazed that I was able to remember all the formulas and equations,surprise
,
I'm anxious that I didn't have enough time to review my answers,fear
,
I'm ecstatic that I received a perfect score on the exam,happy
,
I'm frustrated that I couldn't remember the answer to a question that I had studied thoroughly,anger
,
I'm surprised that the exam covered material that was not mentioned in the class lectures,surprise
,
I'm disappointed that I didn't receive the grade I was hoping for,sad
,
I'm scared that I forgot to answer a question on the exam,fear
,
I'm thrilled that I was able to finish the exam before the time was up,happy
,
I'm annoyed that I had to take the exam on a computer instead of using paper and pencil,anger
,
I'm happy that I was able to understand the material better than I thought,happy
,
I'm frustrated that the exam questions were poorly worded,anger
,
I'm surprised that I actually enjoyed taking the exam,surprise
,
I'm afraid that I accidentally left my notes in the bathroom during the exam,fear
,
I'm grateful that I had a good night's sleep before the exam,happy
,
I'm disappointed that I didn't receive any partial credit for the questions I partially answered,sad
,
I'm shocked that I forgot my calculator and had to do all the calculations by hand,surprise
,
I'm annoyed that the exam covered material that was not in the study guide,anger
,
I'm anxious that I didn't finish all the questions on time,fear
I'm relieved that the exam is finally over,happy
I'm frustrated that I couldn't remember the formula during the test,anger
I'm anxious about the results of the exam,fear
I'm amazed that I managed to answer all the questions in the given time,surprise
I'm disappointed that I didn't get the grade I wanted,sad
I'm thrilled that I aced the exam,happy
I'm annoyed that I made a silly mistake on the last question,anger
I'm worried that I didn't write enough in the essay,fear
I'm stunned that I got a perfect score on the exam,surprise
I'm upset that I had to miss the exam due to illness,sad
I'm delighted that I passed the test,happy
I'm irritated that the exam had so many trick questions,anger
I'm scared that I failed the exam,fear
I'm astonished that I did well on the exam despite not studying much,surprise
I'm saddened that I missed one of the multiple-choice questions,sad
I'm thrilled that I got an A on the exam,happy
I'm frustrated that I couldn't finish the exam on time,anger
I'm nervous that I didn't answer the essay question correctly,fear
I'm surprised that the exam was easier than I expected,surprise
I'm disappointed that I didn't do well on the exam despite studying hard,sad
I'm happy that I learned so much from studying for the exam,happy
I'm annoyed that the exam had so many questions about a topic I didn't understand,anger
I'm terrified that I will have to retake the exam,fear
I'm amazed that I remembered all the information during the exam,surprise
I'm saddened that I missed a crucial point in the essay,sad
I'm ecstatic that I passed the difficult exam,happy
I'm frustrated that I couldn't find my pen during the exam,anger
I'm worried that I didn't write enough in the short-answer questions,fear
I'm shocked that I got a low grade on the exam,surprise
I'm upset that I couldn't finish the last essay question,sad
I'm overjoyed that I got the highest score in the class on the exam,happy
I'm irritated that the exam didn't cover a topic that was important to me,anger
I'm scared that I won't be able to improve my grade on the next exam,fear
I'm surprised that I got an A on the exam despite not feeling confident,surprise
I'm saddened that I misunderstood one of the questions on the exam,sad
I'm thrilled that I passed the exam with flying colors,happy
I'm frustrated that I had to guess on some of the multiple-choice questions,anger
I'm nervous that I didn't understand the essay question,fear
I'm amazed that I got a high grade on the exam despite not studying as much as I should have,surprise
I'm disappointed that I missed a key concept on the exam,sad
I'm happy that the exam covered topics that I was interested in,happy
I'm annoyed that the exam had too many questions about a topic that I didn't like,Anger
,
I'm elated that I passed the exam,happy
,
I'm frustrated that the exam was not organized in a logical manner,anger
,
I'm astonished that I was able to remember all the dates and names,surprise
,
I'm afraid that I misunderstood the directions for the exam,fear
,
I'm happy that I was able to explain the concepts in my own words,happy
,
I'm annoyed that the exam had so many multiple-choice questions,anger
,
I'm surprised that I found the exam easier than the practice exams,surprise
,
I'm disappointed that I missed a question that I knew the answer to,sad
,
I'm scared that I accidentally skipped a page on the exam,fear
,
I'm delighted that I was able to finish the exam with time to spare,happy
,
I'm frustrated that the exam questions were too vague,
I'm thrilled that I passed the exam with flying colors,happy
I'm crushed that I didn't get the grade I needed to pass the course,sad
I'm terrified that I forgot to study a crucial concept for the exam,fear
I'm amazed that I was able to finish the exam with time to spare,surprise
I'm enraged that the exam questions were unclear and confusing,anger
I'm ecstatic that I aced the exam and got the highest score in the class,happy
I'm devastated that I failed the exam even though I studied so hard,sad
I'm anxious that I won't be able to recall the answers during the exam,fear
I'm shocked that I got a perfect score on the exam despite thinking I did poorly,surprise
I'm frustrated that I had to guess on so many questions because I ran out of time,anger
I'm overjoyed that I passed the exam and can now move on to the next level,happy
I'm heartbroken that I missed one crucial question that caused me to fail the exam,sad
I'm petrified that I will freeze up during the exam and forget everything I studied,fear
I'm pleasantly surprised that I did better on the exam than I expected,surprise
I'm annoyed that the exam questions were too easy and didn't challenge me enough,anger
I'm elated that I passed the exam and can now celebrate with my friends and family,happy
I'm disheartened that I didn't get the score I needed to get into the college of my dreams,sad
I'm scared that I won't be able to finish the exam on time and will miss out on crucial points,fear
I'm stunned that I got a higher score on the exam than my classmates who are usually top performers,surprise
I'm irritated that the exam questions didn't cover the topics I studied and focused on irrelevant information,anger
